<?xml version="1.0" encoding="utf-8"?><asx:abap version="1.0" xmlns:asx="http://www.sap.com/abapxml"><asx:values><SRC><PDI_1O_USAGE_SOURCE><MANDT>120</MANDT><SOURCE_HASH>nvCuzK2Yk0E=</SOURCE_HASH><SOURCE_PATH>/YQTIRQ4CY_MAIN/SRC/BulletinBoardItem-Root-Event-BeforeSave.absl</SOURCE_PATH><CHANGED_ON>2019-02-18T10:35:07Z</CHANGED_ON><COMPONENT>YQTIRQ4CY</COMPONENT></PDI_1O_USAGE_SOURCE><PDI_1O_USAGE_SOURCE><MANDT>120</MANDT><SOURCE_HASH>bfl2G+Kbfso=</SOURCE_HASH><SOURCE_PATH>/YQTIRQ4CY_MAIN/SRC/BulletinBoardItem.bo</SOURCE_PATH><CHANGED_ON>2019-02-18T14:23:52Z</CHANGED_ON><COMPONENT>YQTIRQ4CY</COMPONENT></PDI_1O_USAGE_SOURCE></SRC><PROP><PDI_1O_USAGE_PROPERTIES><MANDT>120</MANDT><TARGET_HASH>DSX1LSPzwAI=</TARGET_HASH><TARGET_PATH>APC_V_PARTY_LIFE_CYCLE_STAT_C</TARGET_PATH><STATUS>3</STATUS><PSM_WRITE/><TARGET_ESR_PATH>PartyLifeCycleStatusCode</TARGET_ESR_PATH><CHANGED_ON>2011-01-21T10:12:46.758966Z</CHANGED_ON></PDI_1O_USAGE_PROPERTIES><PDI_1O_USAGE_PROPERTIES><MANDT>120</MANDT><TARGET_HASH>KXr6zOcZx6I=</TARGET_HASH><TARGET_PATH>CDT_CURRENCY_CODE</TARGET_PATH><STATUS>3</STATUS><PSM_WRITE/><TARGET_ESR_PATH>CurrencyCode</TARGET_ESR_PATH><CHANGED_ON>2016-08-26T06:45:15.480411Z</CHANGED_ON></PDI_1O_USAGE_PROPERTIES><PDI_1O_USAGE_PROPERTIES><MANDT>120</MANDT><TARGET_HASH>KrjKnXlwJJA=</TARGET_HASH><TARGET_PATH>APC_V_CURRENCY_CODE</TARGET_PATH><STATUS>3</STATUS><PSM_WRITE/><TARGET_ESR_PATH>CurrencyCode</TARGET_ESR_PATH><CHANGED_ON>2016-12-20T15:20:22.698782Z</CHANGED_ON></PDI_1O_USAGE_PROPERTIES><PDI_1O_USAGE_PROPERTIES><MANDT>120</MANDT><TARGET_HASH>QI1UnFOH19I=</TARGET_HASH><TARGET_PATH>CDT_LANGUAGE_CODE</TARGET_PATH><STATUS>3</STATUS><PSM_WRITE/><TARGET_ESR_PATH>LanguageCode</TARGET_ESR_PATH><CHANGED_ON>2012-07-03T08:37:22.963284Z</CHANGED_ON></PDI_1O_USAGE_PROPERTIES><PDI_1O_USAGE_PROPERTIES><MANDT>120</MANDT><TARGET_HASH>aaTl2sDyLr0=</TARGET_HASH><TARGET_PATH>APC_S_AMOUNT</TARGET_PATH><STATUS>3</STATUS><PSM_WRITE/><TARGET_ESR_PATH>Amount</TARGET_ESR_PATH><CHANGED_ON>2011-10-19T16:28:46.288604Z</CHANGED_ON></PDI_1O_USAGE_PROPERTIES><PDI_1O_USAGE_PROPERTIES><MANDT>120</MANDT><TARGET_HASH>ci12lsrRj8c=</TARGET_HASH><TARGET_PATH>APC_S_EMAIL_URI</TARGET_PATH><STATUS>3</STATUS><PSM_WRITE/><TARGET_ESR_PATH>EmailURI</TARGET_ESR_PATH><CHANGED_ON>2010-10-08T07:51:41.544191Z</CHANGED_ON></PDI_1O_USAGE_PROPERTIES><PDI_1O_USAGE_PROPERTIES><MANDT>120</MANDT><TARGET_HASH>jIHQSTAghiw=</TARGET_HASH><TARGET_PATH>PDI_ABSL_CTX_IDENTITY_UUID</TARGET_PATH><STATUS>3</STATUS><PSM_WRITE/><TARGET_ESR_PATH>Context_GetCurrentIdentityUUID</TARGET_ESR_PATH><CHANGED_ON>2011-03-23T10:04:46.946065Z</CHANGED_ON></PDI_1O_USAGE_PROPERTIES><PDI_1O_USAGE_PROPERTIES><MANDT>120</MANDT><TARGET_HASH>ml3mJUeF/E4=</TARGET_HASH><TARGET_PATH>APC_V_URI</TARGET_PATH><STATUS>3</STATUS><PSM_WRITE/><TARGET_ESR_PATH>URI</TARGET_ESR_PATH><CHANGED_ON>2011-10-25T12:33:56.910519Z</CHANGED_ON></PDI_1O_USAGE_PROPERTIES><PDI_1O_USAGE_PROPERTIES><MANDT>120</MANDT><TARGET_HASH>n4NGApK5dBQ=</TARGET_HASH><TARGET_PATH>APC_V_BUSI_PARTN_INTERNAL_ID</TARGET_PATH><STATUS>3</STATUS><PSM_WRITE/><TARGET_ESR_PATH>BusinessPartnerInternalID</TARGET_ESR_PATH><CHANGED_ON>2012-10-29T16:10:52.730546Z</CHANGED_ON></PDI_1O_USAGE_PROPERTIES><PDI_1O_USAGE_PROPERTIES><MANDT>120</MANDT><TARGET_HASH>sqvG9FlgDXs=</TARGET_HASH><TARGET_PATH>DTV_UUID</TARGET_PATH><STATUS>3</STATUS><PSM_WRITE/><TARGET_ESR_PATH>UUID</TARGET_ESR_PATH><CHANGED_ON>2012-07-10T06:46:42.415596Z</CHANGED_ON></PDI_1O_USAGE_PROPERTIES><PDI_1O_USAGE_PROPERTIES><MANDT>120</MANDT><TARGET_HASH>stJPqi4+sSA=</TARGET_HASH><TARGET_PATH>PDI_ABSL_NR_DRAW_NUMBER</TARGET_PATH><STATUS>3</STATUS><PSM_WRITE/><TARGET_ESR_PATH>NumberRange_DrawNumber</TARGET_ESR_PATH><CHANGED_ON>2014-04-09T10:33:02.894555Z</CHANGED_ON></PDI_1O_USAGE_PROPERTIES><PDI_1O_USAGE_PROPERTIES><MANDT>120</MANDT><TARGET_HASH>3o7OotH3Qh4=</TARGET_HASH><TARGET_PATH>APC_V_UUID</TARGET_PATH><STATUS>3</STATUS><PSM_WRITE/><TARGET_ESR_PATH>UUID</TARGET_ESR_PATH><CHANGED_ON>2010-10-08T09:00:52.976072Z</CHANGED_ON></PDI_1O_USAGE_PROPERTIES><PDI_1O_USAGE_PROPERTIES><MANDT>120</MANDT><TARGET_HASH>4Xf0jZMuuJU=</TARGET_HASH><TARGET_PATH>APC_S_TEXT</TARGET_PATH><STATUS>3</STATUS><PSM_WRITE/><TARGET_ESR_PATH>Text</TARGET_ESR_PATH><CHANGED_ON>2012-10-29T16:17:40.593188Z</CHANGED_ON></PDI_1O_USAGE_PROPERTIES><PDI_1O_USAGE_PROPERTIES><MANDT>120</MANDT><TARGET_HASH>7/i7YXBW9IM=</TARGET_HASH><TARGET_PATH>/DOC/ATTACHMENT_FOLDER</TARGET_PATH><STATUS>3</STATUS><PSM_WRITE>X</PSM_WRITE><TARGET_ESR_PATH>AttachmentFolder</TARGET_ESR_PATH><CHANGED_ON>2018-04-19T09:15:34.900749Z</CHANGED_ON></PDI_1O_USAGE_PROPERTIES></PROP><INX><PDI_1O_USAGE_INDEXES><MANDT>120</MANDT><SOURCE_HASH>nvCuzK2Yk0E=</SOURCE_HASH><TARGET_HASH>jIHQSTAghiw=</TARGET_HASH><USAGE_TYPE>030</USAGE_TYPE><ACCESS_TYPE/></PDI_1O_USAGE_INDEXES><PDI_1O_USAGE_INDEXES><MANDT>120</MANDT><SOURCE_HASH>nvCuzK2Yk0E=</SOURCE_HASH><TARGET_HASH>stJPqi4+sSA=</TARGET_HASH><USAGE_TYPE>030</USAGE_TYPE><ACCESS_TYPE/></PDI_1O_USAGE_INDEXES><PDI_1O_USAGE_INDEXES><MANDT>120</MANDT><SOURCE_HASH>bfl2G+Kbfso=</SOURCE_HASH><TARGET_HASH>DSX1LSPzwAI=</TARGET_HASH><USAGE_TYPE>010</USAGE_TYPE><ACCESS_TYPE/></PDI_1O_USAGE_INDEXES><PDI_1O_USAGE_INDEXES><MANDT>120</MANDT><SOURCE_HASH>bfl2G+Kbfso=</SOURCE_HASH><TARGET_HASH>KXr6zOcZx6I=</TARGET_HASH><USAGE_TYPE>010</USAGE_TYPE><ACCESS_TYPE/></PDI_1O_USAGE_INDEXES><PDI_1O_USAGE_INDEXES><MANDT>120</MANDT><SOURCE_HASH>bfl2G+Kbfso=</SOURCE_HASH><TARGET_HASH>KrjKnXlwJJA=</TARGET_HASH><USAGE_TYPE>010</USAGE_TYPE><ACCESS_TYPE/></PDI_1O_USAGE_INDEXES><PDI_1O_USAGE_INDEXES><MANDT>120</MANDT><SOURCE_HASH>bfl2G+Kbfso=</SOURCE_HASH><TARGET_HASH>QI1UnFOH19I=</TARGET_HASH><USAGE_TYPE>010</USAGE_TYPE><ACCESS_TYPE/></PDI_1O_USAGE_INDEXES><PDI_1O_USAGE_INDEXES><MANDT>120</MANDT><SOURCE_HASH>bfl2G+Kbfso=</SOURCE_HASH><TARGET_HASH>aaTl2sDyLr0=</TARGET_HASH><USAGE_TYPE>010</USAGE_TYPE><ACCESS_TYPE/></PDI_1O_USAGE_INDEXES><PDI_1O_USAGE_INDEXES><MANDT>120</MANDT><SOURCE_HASH>bfl2G+Kbfso=</SOURCE_HASH><TARGET_HASH>ci12lsrRj8c=</TARGET_HASH><USAGE_TYPE>010</USAGE_TYPE><ACCESS_TYPE/></PDI_1O_USAGE_INDEXES><PDI_1O_USAGE_INDEXES><MANDT>120</MANDT><SOURCE_HASH>bfl2G+Kbfso=</SOURCE_HASH><TARGET_HASH>ml3mJUeF/E4=</TARGET_HASH><USAGE_TYPE>010</USAGE_TYPE><ACCESS_TYPE/></PDI_1O_USAGE_INDEXES><PDI_1O_USAGE_INDEXES><MANDT>120</MANDT><SOURCE_HASH>bfl2G+Kbfso=</SOURCE_HASH><TARGET_HASH>n4NGApK5dBQ=</TARGET_HASH><USAGE_TYPE>010</USAGE_TYPE><ACCESS_TYPE/></PDI_1O_USAGE_INDEXES><PDI_1O_USAGE_INDEXES><MANDT>120</MANDT><SOURCE_HASH>bfl2G+Kbfso=</SOURCE_HASH><TARGET_HASH>sqvG9FlgDXs=</TARGET_HASH><USAGE_TYPE>010</USAGE_TYPE><ACCESS_TYPE/></PDI_1O_USAGE_INDEXES><PDI_1O_USAGE_INDEXES><MANDT>120</MANDT><SOURCE_HASH>bfl2G+Kbfso=</SOURCE_HASH><TARGET_HASH>3o7OotH3Qh4=</TARGET_HASH><USAGE_TYPE>010</USAGE_TYPE><ACCESS_TYPE/></PDI_1O_USAGE_INDEXES><PDI_1O_USAGE_INDEXES><MANDT>120</MANDT><SOURCE_HASH>bfl2G+Kbfso=</SOURCE_HASH><TARGET_HASH>4Xf0jZMuuJU=</TARGET_HASH><USAGE_TYPE>010</USAGE_TYPE><ACCESS_TYPE/></PDI_1O_USAGE_INDEXES><PDI_1O_USAGE_INDEXES><MANDT>120</MANDT><SOURCE_HASH>bfl2G+Kbfso=</SOURCE_HASH><TARGET_HASH>7/i7YXBW9IM=</TARGET_HASH><USAGE_TYPE>020</USAGE_TYPE><ACCESS_TYPE/></PDI_1O_USAGE_INDEXES></INX></asx:values></asx:abap>